PARS,NAME,TYPE,LENGTH,INITIAL_VALUE,FLAG_TEST_PAR,FLAG_MODE_NONE_ONLY,FLAG_FIELD_REG,FLAG_CURRENT_REG,FLAG_VOLTAGE_REG,GROUP_PC_SIM,GROUP_PC_SIM_NOISE_AND_TONE,GROUP_INVERT_LIMITS,GROUP_V_LIMITS_REF,GROUP_V_LIMITS_ERR,GROUP_I_LIMITS_MEAS,GROUP_I_LIMITS_REF,GROUP_I_LIMITS_ERR,GROUP_B_LIMITS_MEAS,GROUP_B_LIMITS_REF,GROUP_B_LIMITS_ERR,GROUP_I_LIMITS_RMS,GROUP_I_LIMITS_RMS_LOAD,GROUP_I_MEAS_REG_SELECT,GROUP_I_MEAS_FILTER,GROUP_B_MEAS_REG_SELECT,GROUP_B_MEAS_FILTER,GROUP_MEAS_SIM_DELAYS,GROUP_MEAS_SIM_NOISE_AND_TONE,GROUP_LOAD,GROUP_LOAD_SAT,GROUP_LOAD_SIM,GROUP_VREG,GROUP_IREG,GROUP_BREG,GROUP_LOAD_TEST,GROUP_LOAD_SAT_TEST,GROUP_IREG_TEST,GROUP_BREG_TEST
REG,ERR_RATE,enum REG_err_rate,1,REG_ERR_RATE_REGULATION,NO,YES,NO,NO,NO,NO,NO,NO,NO,NO,NO,NO,NO,NO,NO,NO,NO,NO,NO,NO,NO,NO,NO,NO,NO,NO,NO,NO,YES,YES,NO,NO,YES,YES
BREG,PERIOD_ITERS,uint32_t,REG_NUM_LOADS,10,YES,YES,NO,NO,NO,NO,NO,NO,NO,NO,NO,NO,NO,NO,NO,NO,NO,NO,NO,NO,NO,YES,NO,NO,NO,NO,NO,NO,NO,YES,NO,NO,NO,YES
BREG,PURE_DELAY_PERIODS,REG_float,REG_NUM_LOADS,0,YES,NO,YES,NO,NO,NO,NO,NO,NO,NO,NO,NO,NO,NO,NO,NO,NO,NO,NO,NO,NO,NO,NO,NO,NO,NO,NO,NO,NO,YES,NO,NO,NO,YES
BREG,TRACK_DELAY_PERIODS,REG_float,REG_NUM_LOADS,0,YES,NO,YES,NO,NO,NO,NO,NO,NO,NO,NO,NO,NO,NO,NO,NO,NO,NO,NO,NO,NO,NO,NO,NO,NO,NO,NO,NO,NO,YES,NO,NO,NO,YES
BREG,AUXPOLE1_HZ,REG_float,REG_NUM_LOADS,10,YES,NO,YES,NO,NO,NO,NO,NO,NO,NO,NO,NO,NO,NO,NO,NO,NO,NO,NO,NO,NO,NO,NO,NO,NO,NO,NO,NO,NO,YES,NO,NO,NO,YES
BREG,AUXPOLES2_HZ,REG_float,REG_NUM_LOADS,10,YES,NO,YES,NO,NO,NO,NO,NO,NO,NO,NO,NO,NO,NO,NO,NO,NO,NO,NO,NO,NO,NO,NO,NO,NO,NO,NO,NO,NO,YES,NO,NO,NO,YES
BREG,AUXPOLES2_Z,REG_float,REG_NUM_LOADS,0.5,YES,NO,YES,NO,NO,NO,NO,NO,NO,NO,NO,NO,NO,NO,NO,NO,NO,NO,NO,NO,NO,NO,NO,NO,NO,NO,NO,NO,NO,YES,NO,NO,NO,YES
BREG,AUXPOLE4_HZ,REG_float,REG_NUM_LOADS,10,YES,NO,YES,NO,NO,NO,NO,NO,NO,NO,NO,NO,NO,NO,NO,NO,NO,NO,NO,NO,NO,NO,NO,NO,NO,NO,NO,NO,NO,YES,NO,NO,NO,YES
BREG,AUXPOLE5_HZ,REG_float,REG_NUM_LOADS,10,YES,NO,YES,NO,NO,NO,NO,NO,NO,NO,NO,NO,NO,NO,NO,NO,NO,NO,NO,NO,NO,NO,NO,NO,NO,NO,NO,NO,NO,YES,NO,NO,NO,YES
BREG,R,REG_float,REG_NUM_RST_COEFFS,0,NO,NO,YES,NO,NO,NO,NO,NO,NO,NO,NO,NO,NO,NO,NO,NO,NO,NO,NO,NO,NO,NO,NO,NO,NO,NO,NO,NO,NO,YES,NO,NO,NO,NO
BREG,S,REG_float,REG_NUM_RST_COEFFS,0,NO,NO,YES,NO,NO,NO,NO,NO,NO,NO,NO,NO,NO,NO,NO,NO,NO,NO,NO,NO,NO,NO,NO,NO,NO,NO,NO,NO,NO,YES,NO,NO,NO,NO
BREG,T,REG_float,REG_NUM_RST_COEFFS,0,NO,NO,YES,NO,NO,NO,NO,NO,NO,NO,NO,NO,NO,NO,NO,NO,NO,NO,NO,NO,NO,NO,NO,NO,NO,NO,NO,NO,NO,YES,NO,NO,NO,NO
BREG_TEST,R,REG_float,REG_NUM_RST_COEFFS,0,YES,NO,YES,NO,NO,NO,NO,NO,NO,NO,NO,NO,NO,NO,NO,NO,NO,NO,NO,NO,NO,NO,NO,NO,NO,NO,NO,NO,NO,NO,NO,NO,NO,YES
BREG_TEST,S,REG_float,REG_NUM_RST_COEFFS,0,YES,NO,YES,NO,NO,NO,NO,NO,NO,NO,NO,NO,NO,NO,NO,NO,NO,NO,NO,NO,NO,NO,NO,NO,NO,NO,NO,NO,NO,NO,NO,NO,NO,YES
BREG_TEST,T,REG_float,REG_NUM_RST_COEFFS,0,YES,NO,YES,NO,NO,NO,NO,NO,NO,NO,NO,NO,NO,NO,NO,NO,NO,NO,NO,NO,NO,NO,NO,NO,NO,NO,NO,NO,NO,NO,NO,NO,NO,YES
IREG,PERIOD_ITERS,uint32_t,REG_NUM_LOADS,10,YES,YES,NO,NO,NO,NO,NO,NO,NO,NO,NO,NO,NO,NO,NO,NO,NO,NO,NO,YES,NO,NO,NO,NO,NO,NO,NO,NO,YES,NO,NO,NO,YES,NO
IREG,PURE_DELAY_PERIODS,REG_float,REG_NUM_LOADS,0,YES,NO,NO,YES,NO,NO,NO,NO,NO,NO,NO,NO,NO,NO,NO,NO,NO,NO,NO,NO,NO,NO,NO,NO,NO,NO,NO,NO,YES,NO,NO,NO,YES,NO
IREG,TRACK_DELAY_PERIODS,REG_float,REG_NUM_LOADS,0,YES,NO,NO,YES,NO,NO,NO,NO,NO,NO,NO,NO,NO,NO,NO,NO,NO,NO,NO,NO,NO,NO,NO,NO,NO,NO,NO,NO,YES,NO,NO,NO,YES,NO
IREG,AUXPOLE1_HZ,REG_float,REG_NUM_LOADS,10,YES,NO,NO,YES,NO,NO,NO,NO,NO,NO,NO,NO,NO,NO,NO,NO,NO,NO,NO,NO,NO,NO,NO,NO,NO,NO,NO,NO,YES,NO,NO,NO,YES,NO
IREG,AUXPOLES2_HZ,REG_float,REG_NUM_LOADS,10,YES,NO,NO,YES,NO,NO,NO,NO,NO,NO,NO,NO,NO,NO,NO,NO,NO,NO,NO,NO,NO,NO,NO,NO,NO,NO,NO,NO,YES,NO,NO,NO,YES,NO
IREG,AUXPOLES2_Z,REG_float,REG_NUM_LOADS,0.5,YES,NO,NO,YES,NO,NO,NO,NO,NO,NO,NO,NO,NO,NO,NO,NO,NO,NO,NO,NO,NO,NO,NO,NO,NO,NO,NO,NO,YES,NO,NO,NO,YES,NO
IREG,AUXPOLE4_HZ,REG_float,REG_NUM_LOADS,10,YES,NO,NO,YES,NO,NO,NO,NO,NO,NO,NO,NO,NO,NO,NO,NO,NO,NO,NO,NO,NO,NO,NO,NO,NO,NO,NO,NO,YES,NO,NO,NO,YES,NO
IREG,AUXPOLE5_HZ,REG_float,REG_NUM_LOADS,10,YES,NO,NO,YES,NO,NO,NO,NO,NO,NO,NO,NO,NO,NO,NO,NO,NO,NO,NO,NO,NO,NO,NO,NO,NO,NO,NO,NO,YES,NO,NO,NO,YES,NO
IREG,R,REG_float,REG_NUM_RST_COEFFS,0,NO,NO,NO,YES,NO,NO,NO,NO,NO,NO,NO,NO,NO,NO,NO,NO,NO,NO,NO,NO,NO,NO,NO,NO,NO,NO,NO,NO,YES,NO,NO,NO,NO,NO
IREG,S,REG_float,REG_NUM_RST_COEFFS,0,NO,NO,NO,YES,NO,NO,NO,NO,NO,NO,NO,NO,NO,NO,NO,NO,NO,NO,NO,NO,NO,NO,NO,NO,NO,NO,NO,NO,YES,NO,NO,NO,NO,NO
IREG,T,REG_float,REG_NUM_RST_COEFFS,0,NO,NO,NO,YES,NO,NO,NO,NO,NO,NO,NO,NO,NO,NO,NO,NO,NO,NO,NO,NO,NO,NO,NO,NO,NO,NO,NO,NO,YES,NO,NO,NO,NO,NO
IREG_TEST,R,REG_float,REG_NUM_RST_COEFFS,0,YES,NO,NO,YES,NO,NO,NO,NO,NO,NO,NO,NO,NO,NO,NO,NO,NO,NO,NO,NO,NO,NO,NO,NO,NO,NO,NO,NO,NO,NO,NO,NO,YES,NO
IREG_TEST,S,REG_float,REG_NUM_RST_COEFFS,0,YES,NO,NO,YES,NO,NO,NO,NO,NO,NO,NO,NO,NO,NO,NO,NO,NO,NO,NO,NO,NO,NO,NO,NO,NO,NO,NO,NO,NO,NO,NO,NO,YES,NO
IREG_TEST,T,REG_float,REG_NUM_RST_COEFFS,0,YES,NO,NO,YES,NO,NO,NO,NO,NO,NO,NO,NO,NO,NO,NO,NO,NO,NO,NO,NO,NO,NO,NO,NO,NO,NO,NO,NO,NO,NO,NO,NO,YES,NO
LIMITS,B_POS,REG_float,REG_NUM_LOADS,1,NO,YES,YES,NO,NO,NO,NO,NO,NO,NO,NO,NO,NO,YES,YES,NO,NO,NO,NO,NO,NO,YES,NO,NO,NO,NO,NO,NO,NO,NO,NO,NO,NO,NO
LIMITS,B_MIN,REG_float,REG_NUM_LOADS,0,NO,NO,YES,NO,NO,NO,NO,NO,NO,NO,NO,NO,NO,YES,NO,NO,NO,NO,NO,NO,NO,NO,NO,NO,NO,NO,NO,NO,NO,NO,NO,NO,NO,NO
LIMITS,B_NEG,REG_float,REG_NUM_LOADS,-1,NO,YES,YES,NO,NO,NO,NO,NO,NO,NO,NO,NO,NO,YES,YES,NO,NO,NO,NO,NO,NO,YES,NO,NO,NO,NO,NO,NO,NO,NO,NO,NO,NO,NO
LIMITS,B_RATE,REG_float,REG_NUM_LOADS,5,NO,NO,YES,NO,NO,NO,NO,NO,NO,NO,NO,NO,NO,NO,YES,NO,NO,NO,NO,NO,NO,NO,NO,NO,NO,NO,NO,NO,NO,NO,NO,NO,NO,NO
LIMITS,B_ACCELERATION,REG_float,REG_NUM_LOADS,1000000,NO,NO,YES,NO,NO,NO,NO,NO,NO,NO,NO,NO,NO,NO,YES,NO,NO,NO,NO,NO,NO,NO,NO,NO,NO,NO,NO,NO,NO,NO,NO,NO,NO,NO
LIMITS,B_CLOSELOOP,REG_float,REG_NUM_LOADS,0,NO,NO,YES,NO,NO,NO,NO,NO,NO,NO,NO,NO,NO,NO,YES,NO,NO,NO,NO,NO,NO,NO,NO,NO,NO,NO,NO,NO,NO,NO,NO,NO,NO,NO
LIMITS,B_LOW,REG_float,REG_NUM_LOADS,0,NO,NO,YES,NO,NO,NO,NO,NO,NO,NO,NO,NO,NO,YES,NO,NO,NO,NO,NO,NO,NO,NO,NO,NO,NO,NO,NO,NO,NO,NO,NO,NO,NO,NO
LIMITS,B_ZERO,REG_float,REG_NUM_LOADS,0,NO,NO,YES,NO,NO,NO,NO,NO,NO,NO,NO,NO,NO,YES,NO,NO,NO,NO,NO,NO,NO,NO,NO,NO,NO,NO,NO,NO,NO,NO,NO,NO,NO,NO
LIMITS,B_ERR_WARNING,REG_float,REG_NUM_LOADS,0,NO,NO,YES,NO,NO,NO,NO,NO,NO,NO,NO,NO,NO,NO,NO,YES,NO,NO,NO,NO,NO,NO,NO,NO,NO,NO,NO,NO,NO,NO,NO,NO,NO,NO
LIMITS,B_ERR_FAULT,REG_float,REG_NUM_LOADS,0,NO,NO,YES,NO,NO,NO,NO,NO,NO,NO,NO,NO,NO,NO,NO,YES,NO,NO,NO,NO,NO,NO,NO,NO,NO,NO,NO,NO,NO,NO,NO,NO,NO,NO
LIMITS,I_POS,REG_float,REG_NUM_LOADS,1,NO,YES,NO,NO,NO,NO,NO,NO,NO,NO,YES,YES,NO,NO,NO,NO,NO,NO,NO,YES,NO,NO,NO,NO,NO,NO,NO,NO,NO,NO,NO,NO,NO,NO
LIMITS,I_MIN,REG_float,REG_NUM_LOADS,0,NO,NO,NO,NO,NO,NO,NO,NO,NO,NO,NO,YES,NO,NO,NO,NO,NO,NO,NO,NO,NO,NO,NO,NO,NO,NO,NO,NO,NO,NO,NO,NO,NO,NO
LIMITS,I_NEG,REG_float,REG_NUM_LOADS,-1,NO,YES,NO,NO,NO,NO,NO,NO,NO,NO,YES,YES,NO,NO,NO,NO,NO,NO,NO,YES,NO,NO,NO,NO,NO,NO,NO,NO,NO,NO,NO,NO,NO,NO
LIMITS,I_RATE,REG_float,REG_NUM_LOADS,5,NO,NO,NO,NO,NO,NO,NO,NO,NO,NO,NO,YES,NO,NO,NO,NO,NO,NO,NO,NO,NO,NO,NO,NO,NO,NO,NO,NO,NO,NO,NO,NO,NO,NO
LIMITS,I_ACCELERATION,REG_float,REG_NUM_LOADS,1000000,NO,NO,NO,NO,NO,NO,NO,NO,NO,NO,NO,YES,NO,NO,NO,NO,NO,NO,NO,NO,NO,NO,NO,NO,NO,NO,NO,NO,NO,NO,NO,NO,NO,NO
LIMITS,I_CLOSELOOP,REG_float,REG_NUM_LOADS,0,NO,NO,NO,NO,NO,NO,NO,NO,NO,NO,NO,YES,NO,NO,NO,NO,NO,NO,NO,NO,NO,NO,NO,NO,NO,NO,NO,NO,NO,NO,NO,NO,NO,NO
LIMITS,I_LOW,REG_float,REG_NUM_LOADS,0,NO,NO,NO,NO,NO,NO,NO,NO,NO,NO,YES,NO,NO,NO,NO,NO,NO,NO,NO,NO,NO,NO,NO,NO,NO,NO,NO,NO,NO,NO,NO,NO,NO,NO
LIMITS,I_ZERO,REG_float,REG_NUM_LOADS,0,NO,NO,NO,NO,NO,NO,NO,NO,NO,NO,YES,NO,NO,NO,NO,NO,NO,NO,NO,NO,NO,NO,NO,NO,NO,NO,NO,NO,NO,NO,NO,NO,NO,NO
LIMITS,I_ERR_WARNING,REG_float,REG_NUM_LOADS,0,NO,NO,NO,NO,NO,NO,NO,NO,NO,NO,NO,NO,YES,NO,NO,NO,NO,NO,NO,NO,NO,NO,NO,NO,NO,NO,NO,NO,NO,NO,NO,NO,NO,NO
LIMITS,I_ERR_FAULT,REG_float,REG_NUM_LOADS,0,NO,NO,NO,NO,NO,NO,NO,NO,NO,NO,NO,NO,YES,NO,NO,NO,NO,NO,NO,NO,NO,NO,NO,NO,NO,NO,NO,NO,NO,NO,NO,NO,NO,NO
LIMITS,I_RMS_TC,REG_float,1,0,NO,NO,NO,NO,NO,NO,NO,NO,NO,NO,NO,NO,NO,NO,NO,NO,YES,NO,NO,NO,NO,NO,NO,NO,NO,NO,NO,NO,NO,NO,NO,NO,NO,NO
LIMITS,I_RMS_WARNING,REG_float,1,0,NO,NO,NO,NO,NO,NO,NO,NO,NO,NO,NO,NO,NO,NO,NO,NO,YES,NO,NO,NO,NO,NO,NO,NO,NO,NO,NO,NO,NO,NO,NO,NO,NO,NO
LIMITS,I_RMS_FAULT,REG_float,1,0,NO,NO,NO,NO,NO,NO,NO,NO,NO,NO,NO,NO,NO,NO,NO,NO,YES,NO,NO,NO,NO,NO,NO,NO,NO,NO,NO,NO,NO,NO,NO,NO,NO,NO
LIMITS,I_RMS_LOAD_TC,REG_float,REG_NUM_LOADS,0,NO,NO,NO,NO,NO,NO,NO,NO,NO,NO,NO,NO,NO,NO,NO,NO,NO,YES,NO,NO,NO,NO,NO,NO,NO,NO,NO,NO,NO,NO,NO,NO,NO,NO
LIMITS,I_RMS_LOAD_WARNING,REG_float,REG_NUM_LOADS,0,NO,NO,NO,NO,NO,NO,NO,NO,NO,NO,NO,NO,NO,NO,NO,NO,NO,YES,NO,NO,NO,NO,NO,NO,NO,NO,NO,NO,NO,NO,NO,NO,NO,NO
LIMITS,I_RMS_LOAD_FAULT,REG_float,REG_NUM_LOADS,0,NO,NO,NO,NO,NO,NO,NO,NO,NO,NO,NO,NO,NO,NO,NO,NO,NO,YES,NO,NO,NO,NO,NO,NO,NO,NO,NO,NO,NO,NO,NO,NO,NO,NO
LIMITS,I_QUADRANTS41,REG_float,2,0,NO,NO,NO,NO,NO,NO,NO,NO,YES,NO,NO,NO,NO,NO,NO,NO,NO,NO,NO,NO,NO,NO,NO,NO,NO,NO,NO,NO,NO,NO,NO,NO,NO,NO
LIMITS,V_POS,REG_float,REG_NUM_LOADS,100,NO,NO,NO,NO,NO,NO,NO,NO,YES,NO,NO,NO,NO,NO,NO,NO,NO,NO,NO,NO,NO,NO,NO,NO,NO,NO,NO,NO,NO,NO,NO,NO,NO,NO
LIMITS,V_NEG,REG_float,REG_NUM_LOADS,-100,NO,NO,NO,NO,NO,NO,NO,NO,YES,NO,NO,NO,NO,NO,NO,NO,NO,NO,NO,NO,NO,NO,NO,NO,NO,NO,NO,NO,NO,NO,NO,NO,NO,NO
LIMITS,V_RATE,REG_float,1,1000,NO,NO,NO,NO,NO,NO,NO,NO,YES,NO,NO,NO,NO,NO,NO,NO,NO,NO,NO,NO,NO,NO,NO,NO,NO,NO,NO,NO,NO,NO,NO,NO,NO,NO
LIMITS,V_ACCELERATION,REG_float,1,1000000,NO,NO,NO,NO,NO,NO,NO,NO,YES,NO,NO,NO,NO,NO,NO,NO,NO,NO,NO,NO,NO,NO,NO,NO,NO,NO,NO,NO,NO,NO,NO,NO,NO,NO
LIMITS,V_ERR_WARNING,REG_float,1,0,NO,NO,NO,NO,NO,NO,NO,NO,NO,YES,NO,NO,NO,NO,NO,NO,NO,NO,NO,NO,NO,NO,NO,NO,NO,NO,NO,NO,NO,NO,NO,NO,NO,NO
LIMITS,V_ERR_FAULT,REG_float,1,0,NO,NO,NO,NO,NO,NO,NO,NO,NO,YES,NO,NO,NO,NO,NO,NO,NO,NO,NO,NO,NO,NO,NO,NO,NO,NO,NO,NO,NO,NO,NO,NO,NO,NO
LIMITS,V_QUADRANTS41,REG_float,2,0,NO,NO,NO,NO,NO,NO,NO,NO,YES,NO,NO,NO,NO,NO,NO,NO,NO,NO,NO,NO,NO,NO,NO,NO,NO,NO,NO,NO,NO,NO,NO,NO,NO,NO
LIMITS,INVERT,enum REG_enabled_disabled,1,REG_DISABLED,NO,NO,NO,NO,NO,NO,NO,YES,NO,NO,NO,NO,NO,NO,NO,NO,NO,NO,NO,NO,NO,NO,NO,NO,NO,NO,NO,NO,NO,NO,NO,NO,NO,NO
LOAD,OHMS_SER,REG_float,REG_NUM_LOADS,0.5,YES,NO,NO,NO,NO,NO,NO,NO,NO,NO,NO,NO,NO,NO,NO,NO,NO,NO,NO,NO,NO,NO,NO,NO,YES,NO,YES,NO,YES,YES,YES,NO,YES,YES
LOAD,OHMS_PAR,REG_float,REG_NUM_LOADS,100000000,YES,NO,NO,NO,NO,NO,NO,NO,NO,NO,NO,NO,NO,NO,NO,NO,NO,NO,NO,NO,NO,NO,NO,NO,YES,NO,YES,NO,YES,YES,YES,NO,YES,YES
LOAD,OHMS_MAG,REG_float,REG_NUM_LOADS,1,YES,NO,NO,NO,NO,NO,NO,NO,NO,NO,NO,NO,NO,NO,NO,NO,NO,NO,NO,NO,NO,NO,NO,NO,YES,NO,YES,NO,YES,YES,YES,NO,YES,YES
LOAD,HENRYS,REG_float,REG_NUM_LOADS,1,YES,NO,NO,NO,NO,NO,NO,NO,NO,NO,NO,NO,NO,NO,NO,NO,NO,NO,NO,NO,NO,NO,NO,NO,YES,NO,YES,NO,YES,YES,YES,NO,YES,YES
LOAD,HENRYS_SAT,REG_float,REG_NUM_LOADS,1,YES,NO,NO,NO,NO,NO,NO,NO,NO,NO,NO,NO,NO,NO,NO,NO,NO,NO,NO,NO,NO,NO,NO,NO,NO,YES,YES,NO,NO,NO,NO,YES,NO,NO
LOAD,I_SAT_START,REG_float,REG_NUM_LOADS,0,YES,NO,NO,NO,NO,NO,NO,NO,NO,NO,NO,NO,NO,NO,NO,NO,NO,NO,NO,NO,NO,NO,NO,NO,NO,YES,YES,NO,NO,NO,NO,YES,NO,NO
LOAD,I_SAT_END,REG_float,REG_NUM_LOADS,0,YES,NO,NO,NO,NO,NO,NO,NO,NO,NO,NO,NO,NO,NO,NO,NO,NO,NO,NO,NO,NO,NO,NO,NO,NO,YES,YES,NO,NO,NO,NO,YES,NO,NO
LOAD,GAUSS_PER_AMP,REG_float,REG_NUM_LOADS,1,YES,NO,NO,NO,NO,NO,NO,NO,NO,NO,NO,NO,NO,NO,NO,NO,NO,NO,NO,NO,NO,NO,NO,NO,YES,NO,YES,NO,NO,YES,YES,NO,NO,YES
LOAD,SIM_TC_ERROR,REG_float,1,0,NO,NO,NO,NO,NO,NO,NO,NO,NO,NO,NO,NO,NO,NO,NO,NO,NO,NO,NO,NO,NO,NO,NO,NO,NO,NO,YES,NO,NO,NO,NO,NO,NO,NO
LOAD,SELECT,uint32_t,1,0,NO,NO,NO,NO,NO,NO,NO,NO,NO,NO,NO,NO,NO,NO,NO,NO,NO,NO,NO,NO,NO,NO,NO,NO,NO,NO,NO,NO,NO,NO,NO,NO,NO,NO
LOAD,TEST_SELECT,uint32_t,1,0,NO,NO,NO,NO,NO,NO,NO,NO,NO,NO,NO,NO,NO,NO,NO,NO,NO,NO,NO,NO,NO,NO,NO,NO,NO,NO,NO,NO,NO,NO,NO,NO,NO,NO
MEAS,B_REG_SELECT,enum REG_meas_select,1,REG_MEAS_UNFILTERED,NO,YES,YES,NO,NO,NO,NO,NO,NO,NO,NO,NO,NO,NO,NO,NO,NO,NO,NO,NO,YES,NO,NO,NO,NO,NO,NO,NO,NO,YES,NO,NO,NO,YES
MEAS,I_REG_SELECT,enum REG_meas_select,1,REG_MEAS_UNFILTERED,NO,YES,NO,YES,NO,NO,NO,NO,NO,NO,NO,NO,NO,NO,NO,NO,NO,NO,YES,NO,NO,NO,NO,NO,NO,NO,NO,NO,YES,NO,NO,NO,YES,NO
MEAS,B_DELAY_ITERS,REG_float,1,1.3,NO,YES,YES,NO,NO,NO,NO,NO,NO,NO,NO,NO,NO,NO,NO,NO,NO,NO,NO,NO,NO,YES,YES,NO,NO,NO,NO,NO,NO,YES,NO,NO,NO,YES
MEAS,I_DELAY_ITERS,REG_float,1,1.3,NO,YES,NO,NO,NO,NO,NO,NO,NO,NO,NO,NO,NO,NO,NO,NO,NO,NO,NO,YES,NO,NO,YES,NO,NO,NO,NO,NO,YES,NO,NO,NO,YES,NO
MEAS,V_DELAY_ITERS,REG_float,1,1.3,NO,YES,NO,NO,NO,NO,NO,NO,NO,NO,NO,NO,NO,NO,NO,NO,NO,NO,NO,NO,NO,NO,YES,NO,NO,NO,NO,NO,YES,YES,NO,NO,YES,YES
MEAS,B_FIR_LENGTHS,uint32_t,2,1,NO,YES,YES,NO,NO,NO,NO,NO,NO,NO,NO,NO,NO,NO,NO,NO,NO,NO,NO,NO,NO,YES,NO,NO,NO,NO,NO,NO,NO,YES,NO,NO,NO,YES
MEAS,I_FIR_LENGTHS,uint32_t,2,1,NO,YES,NO,NO,NO,NO,NO,NO,NO,NO,NO,NO,NO,NO,NO,NO,NO,NO,NO,YES,NO,NO,NO,NO,NO,NO,NO,NO,YES,NO,NO,NO,YES,NO
MEAS,B_SIM_NOISE_PP,REG_float,1,0,NO,NO,YES,NO,NO,NO,NO,NO,NO,NO,NO,NO,NO,NO,NO,NO,NO,NO,NO,NO,NO,NO,NO,YES,NO,NO,NO,NO,NO,NO,NO,NO,NO,NO
MEAS,I_SIM_NOISE_PP,REG_float,1,0,NO,NO,NO,NO,NO,NO,NO,NO,NO,NO,NO,NO,NO,NO,NO,NO,NO,NO,NO,NO,NO,NO,NO,YES,NO,NO,NO,NO,NO,NO,NO,NO,NO,NO
MEAS,V_SIM_NOISE_PP,REG_float,1,0,NO,NO,NO,NO,NO,NO,NO,NO,NO,NO,NO,NO,NO,NO,NO,NO,NO,NO,NO,NO,NO,NO,NO,YES,NO,NO,NO,NO,NO,NO,NO,NO,NO,NO
MEAS,B_SIM_QUANTIZATION,REG_float,1,0,NO,NO,YES,NO,NO,NO,NO,NO,NO,NO,NO,NO,NO,NO,NO,NO,NO,NO,NO,NO,NO,NO,NO,NO,NO,NO,NO,NO,NO,NO,NO,NO,NO,NO
MEAS,I_SIM_QUANTIZATION,REG_float,1,0,NO,NO,NO,NO,NO,NO,NO,NO,NO,NO,NO,NO,NO,NO,NO,NO,NO,NO,NO,NO,NO,NO,NO,NO,NO,NO,NO,NO,NO,NO,NO,NO,NO,NO
MEAS,V_SIM_QUANTIZATION,REG_float,1,0,NO,NO,NO,NO,NO,NO,NO,NO,NO,NO,NO,NO,NO,NO,NO,NO,NO,NO,NO,NO,NO,NO,NO,NO,NO,NO,NO,NO,NO,NO,NO,NO,NO,NO
MEAS,SIM_TONE_PERIOD_ITERS,uint32_t,1,10,NO,NO,NO,NO,NO,NO,NO,NO,NO,NO,NO,NO,NO,NO,NO,NO,NO,NO,NO,NO,NO,NO,NO,YES,NO,NO,NO,NO,NO,NO,NO,NO,NO,NO
MEAS,B_SIM_TONE_PP,REG_float,1,0,NO,NO,YES,NO,NO,NO,NO,NO,NO,NO,NO,NO,NO,NO,NO,NO,NO,NO,NO,NO,NO,NO,NO,YES,NO,NO,NO,NO,NO,NO,NO,NO,NO,NO
MEAS,I_SIM_TONE_PP,REG_float,1,0,NO,NO,NO,NO,NO,NO,NO,NO,NO,NO,NO,NO,NO,NO,NO,NO,NO,NO,NO,NO,NO,NO,NO,YES,NO,NO,NO,NO,NO,NO,NO,NO,NO,NO
PC,ACTUATION,enum REG_actuation,1,REG_VOLTAGE_REF,YES,YES,NO,NO,NO,YES,NO,NO,NO,NO,NO,NO,NO,NO,NO,NO,NO,NO,NO,NO,NO,NO,NO,NO,NO,NO,NO,YES,YES,YES,NO,NO,YES,YES
PC,ACT_DELAY_ITERS,REG_float,1,1,YES,YES,NO,NO,NO,YES,NO,NO,NO,NO,NO,NO,NO,NO,NO,NO,NO,NO,NO,NO,NO,NO,YES,NO,NO,NO,NO,NO,YES,YES,NO,NO,YES,YES
PC,SIM_BANDWIDTH,REG_float,1,1000,NO,NO,NO,NO,NO,YES,NO,NO,NO,NO,NO,NO,NO,NO,NO,NO,NO,NO,NO,NO,NO,NO,NO,NO,NO,NO,NO,NO,YES,YES,NO,NO,YES,YES
PC,SIM_Z,REG_float,1,0.9,NO,NO,NO,NO,NO,YES,NO,NO,NO,NO,NO,NO,NO,NO,NO,NO,NO,NO,NO,NO,NO,NO,NO,NO,NO,NO,NO,NO,YES,YES,NO,NO,YES,YES
PC,SIM_TAU_ZERO,REG_float,1,0,NO,NO,NO,NO,NO,YES,NO,NO,NO,NO,NO,NO,NO,NO,NO,NO,NO,NO,NO,NO,NO,NO,NO,NO,NO,NO,NO,NO,YES,YES,NO,NO,YES,YES
PC,SIM_NUM,REG_float,REG_NUM_PC_SIM_COEFFS,0,NO,NO,NO,NO,NO,YES,NO,NO,NO,NO,NO,NO,NO,NO,NO,NO,NO,NO,NO,NO,NO,NO,NO,NO,NO,NO,NO,NO,YES,YES,NO,NO,YES,YES
PC,SIM_DEN,REG_float,REG_NUM_PC_SIM_COEFFS,0,NO,NO,NO,NO,NO,YES,NO,NO,NO,NO,NO,NO,NO,NO,NO,NO,NO,NO,NO,NO,NO,NO,NO,NO,NO,NO,NO,NO,YES,YES,NO,NO,YES,YES
PC,SIM_QUANTIZATION,REG_float,1,0,NO,NO,NO,NO,NO,NO,NO,NO,NO,NO,NO,NO,NO,NO,NO,NO,NO,NO,NO,NO,NO,NO,NO,NO,NO,NO,NO,NO,NO,NO,NO,NO,NO,NO
PC,SIM_NOISE_PP,REG_float,1,0,NO,NO,NO,NO,NO,NO,YES,NO,NO,NO,NO,NO,NO,NO,NO,NO,NO,NO,NO,NO,NO,NO,NO,NO,NO,NO,NO,NO,NO,NO,NO,NO,NO,NO
PC,SIM_TONE_PERIOD_ITERS,uint32_t,1,33,NO,NO,NO,NO,NO,NO,YES,NO,NO,NO,NO,NO,NO,NO,NO,NO,NO,NO,NO,NO,NO,NO,NO,YES,NO,NO,NO,NO,NO,NO,NO,NO,NO,NO
PC,SIM_TONE_PP,REG_float,1,0,NO,NO,NO,NO,NO,NO,YES,NO,NO,NO,NO,NO,NO,NO,NO,NO,NO,NO,NO,NO,NO,NO,NO,NO,NO,NO,NO,NO,NO,NO,NO,NO,NO,NO
